<manifest xmlns:android="http://schemas.android.com/apk/res/android" android:versionCode="1" android:versionName="1.0" package="com.ui.xmlformater">
	<uses-permission android:name="android.permission.READ_EXTERNAL_STORAGE"/>
	<uses-permission android:name="android.permission.WRITE_EXTERNAL_STORAGE"/>
	<uses-sdk android:minSdkVersion="21" android:targetSdkVersion="29"/>
	<application android:name=".MyApplication" android:allowBackup="true" android:icon="@drawable/app_icon" android:label="@string/app_name" android:theme="@style/AppTheme" android:largeHeap="true" android:requestLegacyExternalStorage="true" android:resizeableActivity="true">
		<activity android:name=".MainActivity" android:label="@string/app_name" android:configChanges="orientation|screenSize" android:screenOrientation="portrait">
			<intent-filter>
				<action android:name="android.intent.action.MAIN"/>
				<category android:name="android.intent.category.LAUNCHER"/>
			</intent-filter>
		</activity>
		<activity android:name=".DebugActivity" android:screenOrientation="portrait"/>
	</application>
</manifest>
